Date,Name,Year,Letterboxd URI
2025-01-23,Barbie,2023,https://boxd.it/bCLK
2025-01-23,Oppenheimer,2023,https://boxd.it/wUow
2025-01-23,Joker,2019,https://boxd.it/h4cS
2025-01-23,Get Out,2017,https://boxd.it/eOCm
2025-01-23,Midsommar,2019,https://boxd.it/jhxe
2025-01-23,The Batman,2022,https://boxd.it/eDGs
2025-01-23,The Truman Show,1998,https://boxd.it/18U8
2025-01-23,Knives Out,2019,https://boxd.it/jWEA
2025-01-23,The Dark Knight,2008,https://boxd.it/2b0k
2025-01-23,Inception,2010,https://boxd.it/1skk
2025-01-23,American Psycho,2000,https://boxd.it/28Vs
2025-01-23,Poor Things,2023,https://boxd.it/tNWU
2025-01-23,The Wolf of Wall Street,2013,https://boxd.it/3C1m
2025-01-23,Spirited Away,2001,https://boxd.it/2b4m
2025-01-23,Challengers,2024,https://boxd.it/zld0
2025-01-23,The Menu,2022,https://boxd.it/lScm
2025-01-23,Gone Girl,2014,https://boxd.it/6hQu
2025-01-23,Black Swan,2010,https://boxd.it/Sw0
2025-01-23,Spider-Man: No Way Home,2021,https://boxd.it/nwRw
2025-01-23,Forrest Gump,1994,https://boxd.it/728
2025-01-23,Dead Poets Society,1989,https://boxd.it/2aSg
2025-01-23,Inglourious Basterds,2009,https://boxd.it/1JzG
2025-01-23,The Silence of the Lambs,1991,https://boxd.it/2aHW
2025-01-23,Kill Bill: Vol. 1,2003,https://boxd.it/70w
2025-01-23,Shutter Island,2010,https://boxd.it/1U82
2025-01-23,Ratatouille,2007,https://boxd.it/27ww
2025-01-23,Django Unchained,2012,https://boxd.it/2cCk
2025-01-23,Fantastic Mr. Fox,2009,https://boxd.it/1WyQ
2025-01-23,Deadpool & Wolverine,2024,https://boxd.it/jq8s
2025-01-23,The Perks of Being a Wallflower,2012,https://boxd.it/2ZA8
2025-01-23,Glass Onion,2022,https://boxd.it/oCkK
2025-01-23,(500) Days of Summer,2009,https://boxd.it/1EmM
2025-01-23,The Social Network,2010,https://boxd.it/17ue
2025-01-23,Scott Pilgrim vs. the World,2010,https://boxd.it/1Aq6
2025-01-23,Taxi Driver,1976,https://boxd.it/2b8y
2025-01-23,Inside Out,2015,https://boxd.it/4KHC
2025-01-23,The Lord of the Rings: The Fellowship of the Ring,2001,https://boxd.it/2b5O
2025-01-23,The Shawshank Redemption,1994,https://boxd.it/2aHi
2025-01-23,Hereditary,2018,https://boxd.it/hNVe
2025-01-23,Donnie Darko,2001,https://boxd.it/2b2A
2025-01-23,Arrival,2016,https://boxd.it/aNGk
2025-01-23,Guardians of the Galaxy,2014,https://boxd.it/3VH2
2025-01-23,Titanic,1997,https://boxd.it/2a2k
2025-01-23,Mean Girls,2004,https://boxd.it/1VNg
2025-01-23,Coco,2017,https://boxd.it/bYJQ
2025-01-23,Coraline,2009,https://boxd.it/1NhQ
2025-01-23,Deadpool,2016,https://boxd.it/9fOC
2025-01-23,Black Panther,2018,https://boxd.it/8MHs
2025-01-23,Harry Potter and the Prisoner of Azkaban,2004,https://boxd.it/29Qy
2025-01-23,Up,2009,https://boxd.it/1OEc
2025-01-23,Little Miss Sunshine,2006,https://boxd.it/29EW
2025-01-23,Mad Max: Fury Road,2015,https://boxd.it/2DjO
2025-01-23,Harry Potter and the Philosopher's Stone,2001,https://boxd.it/29QS
2025-01-23,The Hunger Games,2012,https://boxd.it/2uds
2025-01-23,Back to the Future,1985,https://boxd.it/2b8e
2025-01-23,Don't Look Up,2021,https://boxd.it/o0Hc
2025-01-23,Star Wars,1977,https://boxd.it/72s
2025-01-23,X,2022,https://boxd.it/sxVa
2025-01-23,WALL·E,2008,https://boxd.it/1VEo
2025-01-23,Soul,2020,https://boxd.it/ioLA
2025-01-23,Avatar: The Way of Water,2022,https://boxd.it/2E2E
2025-01-23,The Breakfast Club,1985,https://boxd.it/27q4
2025-01-23,Home Alone,1990,https://boxd.it/29Fg
2025-01-23,Avatar,2009,https://boxd.it/1Efm
2025-01-23,Alien,1979,https://boxd.it/2awY
2025-01-23,Bullet Train,2022,https://boxd.it/qW26
2025-01-23,Top Gun: Maverick,2022,https://boxd.it/cjr4
2025-01-23,Guardians of the Galaxy Vol. 3,2023,https://boxd.it/fVNI
2025-01-23,Shrek,2001,https://boxd.it/29zi
2025-01-23,It,2017,https://boxd.it/bC8e
2025-01-23,Catch Me If You Can,2002,https://boxd.it/29VS
2025-01-23,Spider-Man: Far From Home,2019,https://boxd.it/fegG
2025-01-23,The Empire Strikes Back,1980,https://boxd.it/27Vw
2025-01-23,The Lord of the Rings: The Return of the King,2003,https://boxd.it/2b5u
2025-01-23,Doctor Strange in the Multiverse of Madness,2022,https://boxd.it/gaTc
2025-01-23,Requiem for a Dream,2000,https://boxd.it/29VI
2025-01-23,Spider-Man,2002,https://boxd.it/2a8i
2025-01-23,Harry Potter and the Goblet of Fire,2005,https://boxd.it/29Qo
2025-01-23,The Notebook,2004,https://boxd.it/1UNE
2025-01-23,The Lord of the Rings: The Two Towers,2002,https://boxd.it/2b5E
2025-01-23,Zodiac,2007,https://boxd.it/27MO
2025-01-23,The Incredibles,2004,https://boxd.it/1XLm
2025-01-23,Nightcrawler,2014,https://boxd.it/780m
2025-01-23,Jurassic Park,1993,https://boxd.it/2aA2
2025-01-23,Toy Story,1995,https://boxd.it/29qA
2025-01-23,A Quiet Place,2018,https://boxd.it/fVJQ
2025-01-23,Finding Nemo,2003,https://boxd.it/72i
2025-01-23,"Monsters, Inc.",2001,https://boxd.it/2a46
2025-01-23,Tenet,2020,https://boxd.it/leq4
2025-01-23,Harry Potter and the Chamber of Secrets,2002,https://boxd.it/29QI
2025-01-23,The Nightmare Before Christmas,1993,https://boxd.it/1YzQ
2025-01-23,The Dark Knight Rises,2012,https://boxd.it/H3m
2025-01-23,The Hunger Games: Catching Fire,2013,https://boxd.it/3sAw
2025-01-23,Spider-Man 2,2004,https://boxd.it/2a88
2025-01-23,Guardians of the Galaxy Vol. 2,2017,https://boxd.it/8MxC
2025-01-23,Amélie,2001,https://boxd.it/2aUc
2025-01-23,The Lion King,1994,https://boxd.it/201Q
2025-01-23,Twilight,2008,https://boxd.it/1Zui
2025-01-23,Harry Potter and the Deathly Hallows: Part 2,2011,https://boxd.it/1RYk
2025-01-23,John Wick,2014,https://boxd.it/7dEc
2025-01-23,Doctor Strange,2016,https://boxd.it/8MH8
2025-01-23,Bohemian Rhapsody,2018,https://boxd.it/f1TK
2025-01-23,Star Wars: Episode III – Revenge of the Sith,2005,https://boxd.it/27US
2025-01-23,Harry Potter and the Order of the Phoenix,2007,https://boxd.it/29Qe
2025-01-23,Clueless,1995,https://boxd.it/1Ygk
2025-01-23,Star Wars: The Force Awakens,2015,https://boxd.it/4vru
2025-01-23,Mulholland Drive,2001,https://boxd.it/297o
2025-01-23,Split,2016,https://boxd.it/dgSy
2025-01-23,Shrek 2,2004,https://boxd.it/29z8
2025-01-24,Hacksaw Ridge,2016,https://boxd.it/azew
2025-01-24,Skyfall,2012,https://boxd.it/17Fc
2025-01-24,X-Men: Days of Future Past,2014,https://boxd.it/4aRw
2025-01-24,Gravity,2013,https://boxd.it/GZY
2025-01-24,Mission: Impossible – Dead Reckoning,2023,https://boxd.it/l7zS
2025-01-24,Magnolia,1999,https://boxd.it/2aze
2025-01-24,Groundhog Day,1993,https://boxd.it/2b3e
2025-01-24,Despicable Me,2010,https://boxd.it/1DD8
2025-01-24,American Fiction,2023,https://boxd.it/DYHm
2025-01-24,Aladdin,1992,https://boxd.it/29yE
2025-01-24,Hit Man,2023,https://boxd.it/ANB2
2025-01-24,The Hobbit: An Unexpected Journey,2012,https://boxd.it/GZk
2025-01-24,American History X,1998,https://boxd.it/2bdo
2025-01-24,Boogie Nights,1997,https://boxd.it/23um
2025-01-24,Casino Royale,2006,https://boxd.it/1alk
2025-01-24,Megamind,2010,https://boxd.it/16Sk
2025-01-24,Casino,1995,https://boxd.it/2ads
2025-01-24,Men in Black,1997,https://boxd.it/2a0I
2025-01-24,Ice Age,2002,https://boxd.it/2apS
2025-01-24,Zoolander,2001,https://boxd.it/1YMA
2025-01-24,Indiana Jones and the Last Crusade,1989,https://boxd.it/2baO
2025-01-24,Lilo & Stitch,2002,https://boxd.it/1TAY
2025-01-24,Matilda,1996,https://boxd.it/1VhY
2025-01-24,The Pursuit of Happyness,2006,https://boxd.it/28PE
2025-01-24,Raging Bull,1980,https://boxd.it/28yI
2025-01-24,X-Men: First Class,2011,https://boxd.it/FOA
2025-01-24,Batman v Superman: Dawn of Justice,2016,https://boxd.it/6fBW
2025-01-24,Free Guy,2021,https://boxd.it/k8dm
2025-01-24,Wonder Woman,2017,https://boxd.it/9roG
2025-01-24,Rear Window,1954,https://boxd.it/2a6Q
2025-01-24,Palm Springs,2020,https://boxd.it/lCXQ
2025-01-24,The Shining,1980,https://boxd.it/29Nu
2025-01-24,Interstellar,2014,https://boxd.it/4VZ8
2025-01-24,Everything Everywhere All at Once,2022,https://boxd.it/jUk4
2025-01-24,Dune,2021,https://boxd.it/fA7G
2025-02-08,The Instigators,2024,https://boxd.it/E4jA
2025-02-10,It's What's Inside,2024,https://boxd.it/DOV4
2025-02-11,Bodies Bodies Bodies,2022,https://boxd.it/iRcE
2025-02-16,My Old Ass,2024,https://boxd.it/zLP0
2025-02-20,Longlegs,2024,https://boxd.it/KzLM
2025-02-20,Villains,2019,https://boxd.it/isnC
2025-02-23,Subservience,2024,https://boxd.it/EgxO
2025-02-25,Infinity Pool,2023,https://boxd.it/oPSK
2025-02-27,Morgan,2016,https://boxd.it/d6Yw
2025-03-01,Barbarian,2022,https://boxd.it/yohi
2025-03-02,Fresh,2022,https://boxd.it/tCNi
2025-03-05,It Follows,2014,https://boxd.it/87wo
2025-03-05,The Lighthouse,2019,https://boxd.it/icFU
2025-03-06,The Strangers,2008,https://boxd.it/1VGY
2025-03-08,Heretic,2024,https://boxd.it/H1lY
2025-03-10,A Real Pain,2024,https://boxd.it/CjNG
2025-03-11,Freaks,2018,https://boxd.it/jFUm
2025-03-18,Rebel Ridge,2024,https://boxd.it/nZum
2025-03-18,Oblivion,2013,https://boxd.it/2Bzq
2025-03-18,Edge of Tomorrow,2014,https://boxd.it/4pD0
2025-03-25,Blade Runner,1982,https://boxd.it/2bcA
2025-03-29,Anora,2024,https://boxd.it/Egcw
2025-04-01,Kinds of Kindness,2024,https://boxd.it/CWPw
2025-04-03,Talk to Me,2022,https://boxd.it/C6uQ
2025-04-06,The Gorge,2025,https://boxd.it/zRqK
2025-04-06,Alita: Battle Angel,2019,https://boxd.it/e0rS
2025-04-10,Mufasa: The Lion King,2024,https://boxd.it/sE9C
2025-04-14,Tombstone,1993,https://boxd.it/1SE6
2025-04-18,Zack Snyder's Justice League,2021,https://boxd.it/tLOk
2024-04-18,Justice League,2017,https://boxd.it/4w68
2024-04-18,Man of Steel,2013,https://boxd.it/FRk
2024-04-18,Transcendence,2014,https://boxd.it/4VSQ
2024-04-18,Insomnia,2002,https://boxd.it/2aB0
2024-04-18,From Dusk Till Dawn,1996,https://boxd.it/29HQ
2024-04-18,True Romance,1993,https://boxd.it/2aBa
2024-04-18,Sin City,2005,https://boxd.it/2aVk
2024-04-18,Natural Born Killers,1994,https://boxd.it/2aNg
2024-04-18,Hostel,2005,https://boxd.it/28ig
2024-04-18,Death Proof,2007,https://boxd.it/27GG
2024-04-18,Blow,2001,https://boxd.it/24Mm
2024-04-18,The Aviator,2004,https://boxd.it/26BU
2024-04-18,Gangs of New York,2002,https://boxd.it/25FG
2025-04-19,Companion,2025,https://boxd.it/F04o
2025-04-25,Gladiator II,2024,https://boxd.it/kqQQ
2025-04-26,In a Violent Nature,2024,https://boxd.it/K5eI
2025-04-30,Azrael,2024,https://boxd.it/CVaM
2025-05-02,You People,2023,https://boxd.it/wJYe
2025-05-02,Oddity,2024,https://boxd.it/K9pg
2025-05-03,Speak No Evil,2024,https://boxd.it/G9f8
2025-05-06,Magpie,2024,https://boxd.it/ANn0
2025-05-09,Air,2023,https://boxd.it/Arlc
2025-05-14,Inherent Vice,2014,https://boxd.it/5hla
2025-05-19,Men,2022,https://boxd.it/tlc0
2025-05-23,Saltburn,2023,https://boxd.it/z4eg
2025-05-27,Sinners,2025,https://boxd.it/KQMM
2025-05-27,Heathers,1989,https://boxd.it/26x4
2025-05-30,Sicario,2015,https://boxd.it/8i7u
2025-06-07,Captain America: Brave New World,2025,https://boxd.it/uYDm
2025-06-08,Presence,2024,https://boxd.it/H88i
2025-06-14,The Master,2012,https://boxd.it/2cBG
2025-06-14,The Killer,2023,https://boxd.it/u6WE
2025-06-16,Echo Valley,2025,https://boxd.it/Fv9O
2025-06-17,Possessor,2020,https://boxd.it/fsJW
2025-06-20,Late Night with the Devil,2023,https://boxd.it/zo6G
2025-06-25,The Purge,2013,https://boxd.it/4Xg0
2025-06-26,The Purge: Anarchy,2014,https://boxd.it/71zk
2025-07-07,The Accountant²,2025,https://boxd.it/wOm0
2025-07-07,28 Days Later,2002,https://boxd.it/2aXU
2025-07-07,Kimi,2022,https://boxd.it/u7LW
2025-07-07,Sicario: Day of the Soldado,2018,https://boxd.it/e4fG
2025-07-10,Starter for 10,2006,https://boxd.it/1OQW
2025-07-14,Days of Thunder,1990,https://boxd.it/27os
2025-07-14,Strange Darling,2023,https://boxd.it/CVIk
2025-07-17,Pearl,2022,https://boxd.it/zPbe
2025-07-31,Death of a Unicorn,2025,https://boxd.it/HCPm
2025-08-05,Opus,2025,https://boxd.it/JBMA
2025-08-16,Saint Maud,2019,https://boxd.it/l8QA
2025-08-18,Pig,2021,https://boxd.it/nzoW
2025-08-18,Stay,2005,https://boxd.it/20BE
2025-08-19,Smile,2022,https://boxd.it/xjfE
2025-08-26,Mickey 17,2025,https://boxd.it/q1Dk
2025-08-29,The Monkey,2025,https://boxd.it/Gwiu
2025-09-03,The Assessment,2024,https://boxd.it/Ogf6
2025-09-03,Thunderbolts*,2025,https://boxd.it/BfbQ
2025-09-07,The Crow,1994,https://boxd.it/1Yxq
2025-09-09,Rosemary's Baby,1968,https://boxd.it/29zM
2025-09-12,Black Bag,2025,https://boxd.it/KRbM
2025-09-15,Blink Twice,2024,https://boxd.it/vIOg
2025-09-15,Bronson,2008,https://boxd.it/1GM8
2025-09-22,Wayne's World,1992,https://boxd.it/1ZHG
2025-09-24,Superman,2025,https://boxd.it/E9IU
2025-09-28,28 Weeks Later,2007,https://boxd.it/28Bi
2025-09-28,Warfare,2025,https://boxd.it/LbRo
2025-09-29,The Surfer,2024,https://boxd.it/GFEE
2025-09-30,Let the Right One In,2008,https://boxd.it/1Qr0
2025-10-05,Bring Her Back,2025,https://boxd.it/Hxlc
2025-10-07,Idiocracy,2006,https://boxd.it/20RW
2025-10-07,The Witch,2015,https://boxd.it/9X0m
2025-10-08,The Lobster,2015,https://boxd.it/7tnw
2025-10-16,The Substance,2024,https://boxd.it/zanS
2025-10-16,Doctor Sleep,2019,https://boxd.it/i5vI
2025-10-26,One Battle After Another,2025,https://boxd.it/DUHM
2025-10-27,Weapons,2025,https://boxd.it/EMTM
2025-10-27,[REC],2007,https://boxd.it/20ma
2025-11-03,May,2002,https://boxd.it/1V8M
2025-11-03,The Goonies,1985,https://boxd.it/1YVC
2025-11-03,Halloween II,1981,https://boxd.it/1UeE
2025-11-04,Black Christmas,1974,https://boxd.it/1Js6
2025-11-11,The Fantastic 4: First Steps,2025,https://boxd.it/mP6C
2025-11-11,Frankenstein,2025,https://boxd.it/Ecsg
2025-11-14,Emmanuelle,2024,https://boxd.it/ASjs
2025-11-14,Boyhood,2014,https://boxd.it/3178
2025-11-17,Parasite,2019,https://boxd.it/hTha
2025-12-01,Drag Me to Hell,2009,https://boxd.it/1Jzw
2025-12-01,The Sandlot,1993,https://boxd.it/1TDy
2025-12-02,10 Things I Hate About You,1999,https://boxd.it/23AO
2025-12-02,I'm Thinking of Ending Things,2020,https://boxd.it/i4IQ
2025-12-12,The Northman,2022,https://boxd.it/nK2s
2025-12-14,Witness,1985,https://boxd.it/1Z4O
2025-12-16,Top Gun,1986,https://boxd.it/29JC
2025-12-16,The Watchers,2024,https://boxd.it/F6Rw
2026-01-02,Beast,2017,https://boxd.it/gSOK
2026-01-02,Wake Up Dead Man,2025,https://boxd.it/uAKS
2026-01-04,Together,2025,https://boxd.it/LdFE
2026-01-05,Wicked,2024,https://boxd.it/e8ME
2026-01-25,The Rip,2026,https://boxd.it/NP5y
2026-01-25,Blade,1998,https://boxd.it/1a8A
2026-02-09,Honey Don't!,2025,https://boxd.it/Hurc
2026-02-09,Injustice,2021,https://boxd.it/vlOW
2026-03-01,Hell or High Water,2016,https://boxd.it/bfGM
2026-03-05,The Black Phone,2021,https://boxd.it/sqFE
2026-03-05,MacGruber,2010,https://boxd.it/17ay
2026-03-10,Flow,2024,https://boxd.it/v1Ei
2026-03-16,Bugonia,2025,https://boxd.it/qeWY
2026-04-13,28 Years Later,2025,https://boxd.it/FEGM
2026-04-13,28 Years Later: The Bone Temple,2026,https://boxd.it/MwlA
2026-04-22,Caught Stealing,2025,https://boxd.it/LnyS
2026-05-15,The Running Man,2025,https://boxd.it/u36A
2026-05-27,Sleepaway Camp,1983,https://boxd.it/1PSY
2026-05-27,Kraven the Hunter,2024,https://boxd.it/jGuE
2026-06-01,Whiplash,2014,https://boxd.it/7bQA
